1138_bus,1K,0.0M,0.0M.1,0.0M.2,1.00,0.1390000000,0.2609784305,0.01,0.00,12.51
bcsstk30,29K,2.0M,347.0M,8.9M,19.0,5.0026,69.3564910889,0.13,0.37,947.73
pre2,659K,6.0M,835.1M,323.4M,1.0,61.0147,13.6873865128,1.23,4.93,169.34
bcsstk35,30K,1.5M,151.3M,4.6M,16.0,2.0985,72.1227798462,0.07,0.14,1065.84
bcsstk36,23K,1.1M,120.3M,3.6M,16.0,1.6969,70.8715286255,0.05,0.11,1059.58
crystk02,14K,1.0M,140.5M,3.9M,17.0,2.3971,58.6128463745,0.06,0.18,784.92
crystk03,25K,1.8M,258.3M,7.2M,17.0,5.6155,45.9899597168,0.11,0.46,566.23
ct20stif,52K,2.7M,308.5M,10.0M,15.0,4.9806,61.9352416992,0.15,0.35,869.68
msc10848,11K,1.2M,329.0M,6.2M,26.0,5.0059,65.724357605,0.11,0.39,848.62
msc23052,23K,1.2M,121.9M,3.6M,16.0,2.0663,59.0096740723,0.05,0.15,795.38
pcrystk02,14K,1.0M,140.5M,3.9M,17.0,2.3957,58.6470985413,0.06,0.18,791.55
pcrystk03,25K,1.8M,258.3M,7.2M,17.0,5.6092,46.0416145325,0.11,0.45,567.97
pct20stif,52K,2.7M,308.5M,10.0M,15.0,4.9858,61.8706474304,0.15,0.36,866.26
pwtk,218K,11.6M,1252.1M,32.8M,19.0,13.7297,91.1970977783,0.58,0.81,1542.58
circuit_4,80K,0.3M,177.1M,87.1M,1.0,376.082,0.471037209,3.45,34.29,5.17
rma10,47K,2.4M,313.0M,7.9M,19.0,4.0533,77.2112884521,0.11,0.29,1071.05
ex11,17K,1.1M,153.6M,4.5M,17.0,2.3991,64.0272750854,0.07,0.17,915.42
li,23K,1.4M,199.4M,8.5M,11.0,4.8709,40.9364128113,0.12,0.37,539.2
pli,23K,1.4M,199.4M,8.5M,11.0,4.9034,40.6650848389,0.12,0.37,535.01
nasasrb,55K,2.7M,269.3M,8.3M,16.0,4.478,60.1296043396,0.12,0.33,812.74
nemeth01,10K,0.7M,112.8M,1.7M,32.0,1.228,91.8475189209,0.05,0.07,1644.15
nemeth18,10K,0.7M,102.3M,1.5M,34.0,1.1518,88.8170547485,0.05,0.06,1644.69
nemeth19,10K,0.8M,142.0M,1.8M,39.0,1.345,105.5503845215,0.06,0.07,1892.87
nemeth20,10K,1.0M,201.1M,2.2M,46.0,1.7741,113.335609436,0.07,0.11,1896.87
nemeth21,10K,1.2M,293.7M,2.6M,56.0,2.4241,121.1666183472,0.09,0.15,1908.51
nemeth22,10K,1.4M,394.2M,3.1M,64.0,3.0634,128.6930847168,0.1,0.2,1956.52
nemeth23,10K,1.5M,488.9M,3.4M,71.0,3.6484,134.0011749268,0.12,0.25,1976.11
nemeth24,10K,1.5M,489.8M,3.5M,70.0,3.6561,133.9593200684,0.12,0.25,1963.0
nemeth25,10K,1.5M,492.9M,3.5M,70.0,3.6598,134.6777801514,0.12,0.25,1973.94
nemeth26,10K,1.5M,492.9M,3.5M,70.0,3.6687,134.3513336182,0.12,0.25,1976.32
xenon2,157K,3.9M,195.1M,14.0M,6.0,4.3001,45.374458313,0.21,0.23,853.15
3dtube,45K,3.2M,598.8M,23.7M,12.0,17.8462,33.5513000488,0.45,1.26,475.4
cfd2,123K,3.1M,158.2M,13.4M,5.0,3.9731,39.8099212646,0.18,0.23,699.86
gearbox,154K,9.1M,1145.6M,32.7M,17.0,21.404,53.5232467651,0.52,1.59,720.37
appu,14K,1.9M,527.9M,133.1M,1.0,483.4979,1.0917571783,3.14,44.69,11.81
bbmat,39K,1.8M,192.8M,11.6M,8.0,3.5981,53.5735473633,0.15,0.21,907.55
olafu,16K,1.0M,132.6M,3.4M,19.0,1.9444,68.209022522,0.06,0.13,1013.18
raefsky3,21K,1.5M,210.8M,4.1M,26.0,2.2332,94.3912277222,0.1,0.12,1719.37
raefsky4,20K,1.3M,188.6M,5.3M,17.0,2.8036,67.2580413818,0.08,0.2,947.09
av41092,41K,1.7M,138.5M,20.9M,3.0,44.8591,3.0873303413,0.57,3.89,35.62
bcsstk39,47K,2.1M,189.0M,5.9M,16.0,2.8022,67.4299468994,0.09,0.2,967.0
pkustk01,22K,1.0M,105.1M,3.7M,14.0,1.9437,54.0467300415,0.06,0.14,770.73
pkustk02,11K,0.8M,141.7M,2.5M,28.0,2.0288,69.8218307495,0.06,0.14,979.63
pkustk03,63K,3.1M,327.1M,8.9M,18.0,4.9059,66.6732406616,0.13,0.36,902.07
pkustk05,37K,2.2M,306.8M,9.0M,17.0,5.2036,58.9501190186,0.13,0.39,781.34
pkustk06,43K,2.6M,359.8M,10.6M,16.0,6.0761,59.2236938477,0.15,0.46,789.14
pkustk07,17K,2.4M,820.0M,13.9M,29.0,11.5808,70.8106079102,0.2,0.96,854.3
pkustk08,22K,3.2M,1105.8M,18.9M,29.0,15.3224,72.1679534912,0.27,1.27,870.7
pkustk09,34K,1.6M,161.9M,4.5M,18.0,2.3297,69.4875335693,0.06,0.17,959.03
pkustk10,81K,4.3M,467.3M,12.2M,19.0,6.1284,76.2445755005,0.16,0.45,1033.76
pkustk11,88K,5.2M,730.2M,21.4M,17.0,11.1627,65.4147567749,0.28,0.84,872.93
pkustk13,95K,6.6M,1126.0M,39.5M,14.0,18.5781,60.6087150574,0.55,1.32,853.67
pkustk14,152K,14.8M,3555.0M,72.6M,24.0,51.8534,68.5581207275,1.2,4.02,883.82
kim2,457K,11.3M,564.0M,36.6M,7.0,10.7605,52.4137802124,0.56,0.54,1045.41
torso3,259K,4.4M,158.5M,21.2M,3.0,5.9522,26.6284790039,0.32,0.29,539.11
cage13,445K,7.5M,274.7M,60.6M,2.0,18.0289,15.2346715927,0.84,0.97,283.89
cage14,1506K,27.1M,1064.4M,237.0M,2.0,56.0605,18.9868354797,1.55,3.98,267.48
cage15,5155K,99.2M,4157.3M,929.0M,2.0,327.1379,12.7079839706,18.44,15.54,267.6
sinc18,16K,1.0M,128.2M,46.4M,1.0,34.8479,3.6799311638,0.52,3.03,42.39
ns3Da,20K,1.7M,355.1M,12.5M,14.0,9.7251,36.5097961426,0.18,0.79,448.54
poisson3Db,86K,2.4M,168.8M,21.9M,3.0,6.2238,27.1240234375,0.28,0.36,475.0
sme3Da,13K,0.9M,152.9M,5.8M,13.0,3.6511,41.8890686035,0.08,0.28,542.34
sme3Db,29K,2.1M,377.9M,15.1M,12.0,8.6472,43.6976585388,0.2,0.67,567.7
sme3Dc,43K,3.1M,579.3M,22.7M,12.0,13.6575,42.416721344,0.33,1.04,556.97
nd3k,9K,3.3M,2551.9M,18.5M,69.0,29.6717,86.0059661865,0.38,2.59,986.53
nd6k,18K,6.9M,5572.2M,42.2M,66.0,72.2401,77.1337585449,0.84,6.38,873.19
nd12k,36K,14.2M,11733.6M,90.9M,64.0,161.6617,72.5813446045,1.85,14.16,828.86
nd24k,72K,28.7M,23757.7M,189.2M,62.0,339.2839,70.0231781006,3.98,29.93,793.88
af_shell1,505K,17.6M,1227.2M,47.6M,12.0,18.6982,65.6328277588,0.8,1.1,1115.55
af_shell2,505K,17.6M,1227.2M,47.6M,12.0,17.89,68.5978622437,0.74,1.01,1217.84
af_shell3,505K,17.6M,1227.2M,47.6M,12.0,18.5552,66.1386413574,0.74,1.01,1217.6
af_shell4,505K,17.6M,1227.2M,47.6M,12.0,18.7079,65.5987930298,0.8,1.1,1115.65
af_shell5,505K,17.6M,1227.2M,47.6M,12.0,18.3105,67.0225143433,0.74,1.01,1217.36
af_shell6,505K,17.6M,1227.2M,47.6M,12.0,18.7131,65.5805664062,0.8,1.1,1116.46
af_shell7,505K,17.6M,1227.2M,47.6M,12.0,18.1142,67.7488250732,0.74,1.01,1217.36
af_shell8,505K,17.6M,1227.2M,47.6M,12.0,18.6717,65.7259750366,0.8,1.06,1152.96
af_shell9,505K,17.6M,1227.2M,47.6M,12.0,18.6991,65.6296691895,0.8,1.1,1115.85
c-62,42K,0.6M,113.3M,38.1M,1.0,123.9084,0.9141755104,1.05,11.38,9.95
c-66,50K,0.5M,143.4M,41.8M,1.0,130.7705,1.0966134071,1.05,11.25,12.75
c-67,58K,0.5M,241.8M,41.5M,2.0,46.6415,5.1839575768,0.52,4.29,56.42
ohne2,181K,11.1M,1511.2M,72.4M,10.0,57.4436,26.3074588776,1.19,4.42,341.59
para-10,156K,5.4M,531.1M,78.1M,3.0,192.2413,2.7625336647,2.93,16.32,32.55
para-4,153K,5.3M,491.5M,61.6M,3.0,120.2619,4.0866894722,1.36,10.65,46.13
para-5,156K,5.4M,531.1M,78.1M,3.0,192.9004,2.7530946732,3.04,16.31,32.57
para-6,156K,5.4M,531.1M,78.1M,3.0,192.7643,2.7550384998,3.04,16.3,32.59
para-7,156K,5.4M,531.1M,78.1M,3.0,192.9386,2.7525496483,3.04,16.31,32.56
para-8,156K,5.4M,531.1M,78.1M,3.0,194.2421,2.7340779305,3.04,16.31,32.56
para-9,156K,5.4M,531.1M,78.1M,3.0,192.9207,2.7528049946,3.04,16.31,32.56
Stanford_Berkeley,683K,7.6M,444.2M,78.1M,2.0,909.7501,0.4883029759,4.2,86.91,5.11
gyro_k,17K,1.0M,155.8M,5.8M,13.0,2.8504,54.6572875977,0.08,0.21,757.76
t3dh_a,79K,4.4M,511.9M,25.0M,10.0,12.6099,40.5935592651,0.35,0.93,552.91
t3dh_e,79K,4.4M,511.9M,25.0M,10.0,11.4402,44.7440338135,0.31,0.85,603.56
bmw3_2,227K,11.3M,1207.7M,36.1M,16.0,18.8392,64.1062393188,0.58,1.32,917.78
c-58,38K,0.6M,157.6M,40.5M,1.0,132.9017,1.1859771013,1.05,12.24,12.87
c-62ghs,42K,0.6M,113.3M,38.1M,1.0,123.756,0.9153012633,1.05,11.37,9.96
c-71,77K,0.9M,150.3M,52.5M,1.0,250.4265,0.6001738906,1.89,23.35,6.44
audikw_1,944K,77.7M,16179.5M,662.9M,12.0,268.2286,60.3197021484,6.34,20.47,790.58
bmw7st_1,141K,7.3M,808.0M,23.6M,17.0,12.3462,65.4467391968,0.38,0.86,937.7
bmwcra_1,149K,10.6M,1625.0M,49.7M,16.0,27.7303,58.6004333496,0.75,2.05,793.11
crankseg_1,53K,10.6M,5097.4M,75.1M,33.0,80.5386,63.2910995483,1.26,6.72,758.02
crankseg_2,64K,14.1M,7445.4M,104.6M,35.0,152.2649,48.8979148865,3.19,11.93,624.09
crplat2,18K,1.0M,104.6M,2.7M,19.0,1.369,76.3918762207,0.04,0.1,1096.23
fcondp2,202K,11.3M,1300.7M,34.8M,18.0,17.059,76.2449188232,0.56,1.17,1116.16
fullb,199K,11.7M,1440.3M,39.4M,18.0,22.7231,63.3834533691,0.68,1.48,973.35
halfb,225K,12.4M,1431.0M,38.9M,18.0,19.2944,74.1666641235,0.63,1.32,1085.24
hood,221K,10.8M,1124.1M,34.2M,16.0,15.2679,73.6222000122,0.49,1.05,1067.68
inline_1,504K,36.8M,6660.9M,253.1M,13.0,117.1748,56.8457260132,3.23,8.45,788.54
ldoor,952K,46.5M,4817.8M,145.4M,16.0,65.9125,73.0933151245,2.09,4.47,1078.14
m_t1,98K,9.8M,2109.0M,36.5M,28.0,27.6733,76.2115936279,0.73,1.93,1092.7
oilpan,74K,3.6M,377.7M,11.6M,16.0,3.9391,95.8961486816,0.15,0.25,1536.8
opt1,15K,1.9M,538.3M,8.2M,32.0,6.9843,77.0788803101,0.13,0.57,949.46
ramage02,17K,2.9M,1070.4M,14.6M,36.0,11.8169,90.5813217163,0.22,0.95,1121.53
s3dkq4m2,90K,4.8M,516.3M,13.3M,19.0,5.6212,91.8463592529,0.18,0.39,1326.19
s3dkt3m2,90K,3.8M,312.8M,10.1M,15.0,3.5598,87.8769454956,0.15,0.21,1490.35
ship_001,35K,4.6M,1448.1M,25.6M,28.0,17.7704,81.4912185669,0.38,1.32,1095.41
ship_003,122K,8.1M,1159.3M,32.8M,17.0,18.0962,64.0655136108,0.47,1.35,861.71
shipsec1,141K,7.8M,901.3M,24.1M,18.0,14.8891,60.5327758789,0.4,1.11,813.21
shipsec5,180K,10.1M,1189.8M,32.3M,18.0,19.9287,59.7014694214,0.57,1.44,823.54
shipsec8,115K,6.7M,817.4M,22.7M,17.0,13.3836,61.0737876892,0.35,1.0,821.16
srb1,55K,3.0M,322.1M,8.4M,19.0,3.7343,86.2674255371,0.11,0.26,1229.11
thread,30K,4.5M,1476.3M,24.7M,29.0,20.1661,73.208114624,0.38,1.64,897.84
trdheim,22K,1.9M,385.3M,6.7M,28.0,3.578,107.6859588623,0.12,0.24,1625.05
troll,213K,12.0M,1416.8M,41.8M,16.0,20.6884,68.4830932617,0.62,1.47,963.88
tsyl201,21K,2.5M,616.5M,8.3M,37.0,10.3282,59.6865768433,0.15,0.88,698.77
vanbody,47K,2.3M,261.3M,8.1M,16.0,4.1429,63.0817756653,0.11,0.31,844.67
x104,108K,10.2M,2092.5M,38.7M,27.0,27.9332,74.9124679565,0.7,2.03,1030.51
a2nnsnsl,80K,0.3M,367.6M,158.3M,1.0,650.808,0.5648370981,3.03,63.9,5.75
bloweya,30K,0.2M,201.7M,100.4M,1.0,574.1105,0.3513609767,4.51,53.69,3.76
brainpc2,28K,0.2M,953.6M,190.7M,2.0,1297.0667,0.7351605296,25.4,106.32,8.97
sparsine,50K,1.5M,108.4M,18.7M,2.0,5.6126,19.3166980743,0.21,0.37,295.41
std1_Jac2,22K,1.2M,167.6M,11.4M,7.0,10.659,15.7271032333,0.25,0.83,203.02
std1_Jac3_db,22K,0.5M,107.2M,3.0M,17.0,1.3931,76.9470214844,0.06,0.08,1294.62
std1_Jac3,22K,1.5M,229.3M,13.4M,8.0,14.5905,15.7172327042,0.39,1.07,214.48
Zd_Jac2_db,23K,0.7M,134.2M,4.1M,16.0,1.7644,76.0678634644,0.06,0.11,1190.9
Zd_Jac2,23K,1.6M,230.7M,15.4M,7.0,11.2581,20.4927902222,0.2,0.93,248.69
Zd_Jac3_db,23K,0.7M,152.6M,4.2M,18.0,1.9086,79.9337387085,0.07,0.12,1246.42
Zd_Jac3,23K,1.9M,318.0M,18.0M,8.0,15.9814,19.9002532959,0.28,1.33,238.67
Zd_Jac6_db,23K,0.7M,134.2M,3.8M,17.0,1.7614,76.1957550049,0.06,0.11,1188.76
Zd_Jac6,23K,1.7M,254.3M,15.5M,8.0,11.6343,21.8605175018,0.21,0.96,263.88
bundle1,11K,0.8M,948.7M,24.1M,19.0,32.2274,29.4364318848,0.71,2.52,377.02
CO,221K,7.7M,553.5M,100.1M,2.0,27.131,20.4001159668,0.73,1.95,284.39
Ga10As10H30,113K,6.1M,2196.2M,75.2M,14.0,57.0486,38.4973716736,1.36,4.35,504.3
Ga19As19H42,133K,8.9M,4020.6M,108.1M,18.0,97.4709,41.249206543,1.88,7.97,504.66
Ga41As41H72,268K,18.5M,8505.2M,231.5M,18.0,217.3943,39.1235923767,3.23,18.36,463.21
Ge87H76,113K,7.9M,2939.1M,99.1M,14.0,79.4612,36.9873886108,1.15,6.84,429.39
Ge99H100,113K,8.5M,3284.0M,105.8M,15.0,88.3193,37.1836128235,1.25,7.51,437.03
H2O,67K,2.2M,149.7M,27.7M,2.0,7.7101,19.4188709259,0.32,0.48,313.55
Si10H16,17K,0.9M,224.5M,10.9M,10.0,5.5974,40.1135177612,0.14,0.42,530.81
Si34H36,98K,5.2M,1472.3M,65.2M,11.0,42.8417,34.3662757874,0.73,3.35,440.01
Si41Ge41H72,186K,15.0M,8413.4M,173.8M,24.0,193.2799,43.5295677185,3.14,16.16,520.52
Si87H76,240K,10.7M,1703.2M,141.3M,6.0,53.226,31.998462677,1.04,4.24,401.92
SiO,33K,1.3M,328.8M,15.8M,10.0,7.7248,42.5696601868,0.21,0.58,571.8
net100,30K,2.0M,476.4M,121.2M,1.0,337.4561,1.411696434,2.3,31.48,15.13
net125,37K,2.6M,687.8M,175.1M,1.0,627.9832,1.0951942205,3.14,60.39,11.39
net150,44K,3.1M,934.4M,238.0M,1.0,1016.5514,0.9192025065,8.48,96.24,9.71
net50,16K,0.9M,159.5M,40.6M,1.0,55.3759,2.8794937134,0.52,5.04,31.67
net75,23K,1.5M,300.3M,76.4M,1.0,156.6563,1.9168239832,1.46,14.27,21.05
pf2177,10K,0.7M,129.0M,19.9M,3.0,14.7687,8.737247467,0.31,1.19,108.6
fp,8K,0.8M,533.3M,12.3M,21.0,11.0472,48.2762069702,0.16,0.95,560.27
rajat31,4690K,20.3M,187.5M,53.1M,1.0,23.5272,7.9690752029,1.46,0.83,224.89
laminar_duct3D,67K,3.8M,572.1M,18.9M,15.0,9.105,62.8338661194,0.26,0.65,875.31
thermal2,1228K,8.6M,121.5M,24.0M,2.0,12.2577,9.9135885239,0.77,0.49,248.3
F1,344K,26.8M,5335.0M,224.5M,11.0,104.5983,51.0048599243,2.6,7.72,691.38
bloweybl,30K,0.1M,200.9M,100.3M,1.0,437.3961,0.4594003856,3.77,40.07,5.01
bloweybq,10K,0.1M,200.8M,100.0M,1.0,397.8132,0.5046584606,4.09,35.76,5.61
filter3D,106K,2.7M,171.9M,20.2M,4.0,6.7516,25.4627590179,0.31,0.38,448.39
gyro,17K,1.0M,155.8M,5.8M,13.0,3.1024,50.2176170349,0.09,0.22,697.69
t3dh,79K,4.4M,511.9M,25.0M,10.0,12.2351,41.8370666504,0.31,0.92,554.34
windscreen,23K,1.5M,203.6M,5.6M,18.0,2.7319,74.5149383545,0.08,0.2,1038.61
bone010,987K,71.7M,10903.8M,315.9M,17.0,171.7886,63.4724578857,4.7,12.53,870.43
boneS01,127K,6.7M,788.1M,25.5M,15.0,14.5977,53.9851951599,0.36,1.09,723.65
boneS10,915K,55.5M,7485.4M,223.6M,16.0,123.6268,60.5485534668,3.54,8.86,845.06
patents,3775K,15.0M,134.7M,58.9M,1.0,22.1642,6.0780668259,1.41,0.84,161.01
Reuters911,13K,0.3M,131.9M,22.5M,2.0,50.5397,2.6102535725,0.95,4.14,31.89
c-43,11K,0.1M,120.0M,10.2M,5.0,9.3927,12.7791051865,0.16,0.74,161.68
c-45,13K,0.2M,195.9M,16.0M,6.0,12.8596,15.2338628769,0.23,1.06,184.71
c-53,30K,0.4M,382.3M,43.4M,4.0,113.0116,3.3824439049,1.99,9.2,41.55
c-57,38K,0.4M,1385.2M,177.8M,3.0,1089.4796,1.2714785337,19.96,90.37,15.33
af_0_k101,504K,17.6M,1224.8M,47.5M,12.0,18.0856,67.7238693237,0.8,1.03,1187.08
af_1_k101,504K,17.6M,1224.8M,47.5M,12.0,17.3738,70.4984970093,0.73,0.95,1284.69
af_2_k101,504K,17.6M,1224.8M,47.5M,12.0,18.138,67.528213501,0.8,1.04,1177.94
af_3_k101,504K,17.6M,1224.8M,47.5M,12.0,17.5343,69.853187561,0.73,0.95,1286.31
af_4_k101,504K,17.6M,1224.8M,47.5M,12.0,18.0941,67.6920547485,0.8,1.04,1177.72
af_5_k101,504K,17.6M,1224.8M,47.5M,12.0,17.704,69.1836166382,0.73,0.95,1286.45
af_shell10,1508K,52.7M,3681.8M,142.7M,12.0,52.8121,69.7157211304,2.09,3.16,1164.33
c-66b,50K,0.5M,143.4M,41.8M,1.0,131.493,1.0905879736,1.15,11.3,12.69
c-67b,58K,0.5M,241.8M,41.5M,2.0,46.7792,5.168697834,0.52,4.18,57.89
conf5_4-8x8-05,49K,1.9M,149.5M,10.9M,6.0,4.9698,30.0857944489,0.16,0.35,427.08
conf5_4-8x8-10,49K,1.9M,149.5M,10.9M,6.0,4.9744,30.0579738617,0.16,0.35,426.59
conf5_4-8x8-15,49K,1.9M,149.5M,10.9M,6.0,4.9704,30.0821628571,0.16,0.35,427.32
conf5_4-8x8-20,49K,1.9M,149.5M,10.9M,6.0,4.9702,30.0833740234,0.16,0.35,427.08
conf6_0-8x8-20,49K,1.9M,149.5M,10.9M,6.0,4.969,30.0906391144,0.16,0.35,426.59
conf6_0-8x8-30,49K,1.9M,149.5M,10.9M,6.0,4.9686,30.0930614471,0.16,0.35,427.81
conf6_0-8x8-80,49K,1.9M,149.5M,10.9M,6.0,4.9697,30.0864009857,0.16,0.35,426.96
invextr1_new,30K,1.8M,306.8M,10.6M,14.0,6.5683,46.710899353,0.15,0.51,606.59
mixtank_new,30K,2.0M,353.8M,12.0M,14.0,8.1017,43.6667289734,0.17,0.64,552.77
msdoor,416K,20.2M,2084.4M,62.8M,16.0,31.1537,66.9066162109,1.01,1.97,1055.44
pf2177,10K,0.7M,129.0M,19.9M,3.0,16.0993,8.0151176453,0.34,1.3,99.63
wb-edu,9846K,57.2M,3119.2M,630.1M,2.0,211.8395,14.7241659164,4.1,11.2,278.58
Dubcova3,147K,3.6M,210.7M,17.5M,6.0,4.7612,44.2620429993,0.23,0.26,821.92
BenElechi1,246K,13.2M,1411.1M,36.3M,19.0,15.8957,88.7731628418,0.6,0.9,1574.9
FEM_3D_thermal2,148K,3.5M,170.6M,14.3M,5.0,3.6817,46.3320236206,0.21,0.17,990.6
3Dspectralwave,681K,33.7M,3989.3M,490.5M,4.0,125.07,31.8962287903,2.47,10.02,398.17
3Dspectralwave2,292K,14.3M,1682.5M,205.2M,4.0,78.0065,21.5684223175,1.35,6.32,266.27
F2,72K,5.3M,985.6M,39.6M,12.0,18.9915,51.8976478577,0.56,1.36,722.59
kkt_power,2063K,14.6M,433.0M,93.3M,2.0,22.8746,18.9282302856,1.36,0.97,445.31
fem_filter,74K,1.7M,732.2M,8.4M,43.0,8.8432,82.7950820923,0.15,0.73,1001.19
water_tank,61K,2.0M,151.6M,7.2M,10.0,2.7454,55.2117118835,0.1,0.18,839.77
largebasis,440K,5.6M,141.7M,17.0M,4.0,6.5889,21.5030059814,0.4,0.28,510.75
nlpkkt80,1062K,28.7M,1580.8M,154.7M,5.0,53.0597,29.7922801971,1.35,3.89,405.96
nlpkkt120,3542K,96.8M,5363.1M,523.1M,5.0,108.3054,49.5183868408,2.89,8.0,670.05
case9,14K,0.1M,323.3M,52.4M,3.0,213.8818,1.5114912987,3.36,17.95,18.01
mono_500Hz,169K,5.0M,408.1M,41.4M,4.0,12.7954,31.8913002014,0.52,0.79,513.41
Freescale1,3429K,18.9M,222.5M,45.3M,2.0,22.483,9.8955507278,1.32,0.85,261.59
TSOPF_RS_b2383,38K,16.2M,255.9M,74.3M,1.0,56.4789,4.5308756828,1.04,4.55,56.18
TSOPF_FS_b9_c6,14K,0.1M,323.3M,52.4M,3.0,213.0985,1.5170471668,3.36,17.96,18.0
TSOPF_RS_b2052_c1,26K,6.8M,106.7M,31.0M,1.0,20.8597,5.1137695312,0.42,1.69,63.01
TSOPF_RS_b2383_c1,38K,16.2M,255.9M,74.3M,1.0,57.2217,4.4720602036,1.04,4.55,56.19
TSOPF_RS_b678_c2,36K,8.8M,138.5M,40.1M,1.0,15.7359,8.798538208,0.52,1.08,127.78
fem_hifreq_circuit,491K,20.2M,1926.9M,134.8M,7.0,43.8657,43.9264221191,1.25,3.11,618.64
atmosmodd,1270K,8.8M,122.5M,31.2M,1.0,13.1788,9.2934303284,0.79,0.56,219.57
atmosmodj,1270K,8.8M,122.5M,31.2M,1.0,13.1681,9.3009815216,0.79,0.56,219.85
atmosmodl,1490K,10.3M,143.2M,36.5M,1.0,14.3172,10.0006656647,0.87,0.59,244.34
atmosmodm,1490K,10.3M,143.2M,36.5M,1.0,14.3319,9.9904079437,0.88,0.59,244.09
offshore,260K,4.2M,142.7M,23.4M,3.0,7.0503,20.2381496429,0.39,0.34,420.28
soc-Slashdot0811,77K,0.9M,223.7M,78.9M,1.0,217.2179,1.0297418833,1.88,19.92,11.23
soc-Slashdot0902,82K,0.9M,234.3M,81.4M,1.0,232.3997,1.0079741478,2.1,21.19,11.06
email-Enron,37K,0.4M,103.0M,30.5M,1.0,45.6073,2.2584738731,0.63,3.97,25.96
web-BerkStan,685K,7.6M,445.0M,78.4M,2.0,19.6318,22.6671886444,1.04,0.95,467.88
web-Google,916K,5.1M,121.4M,29.7M,2.0,9.341,12.9938631058,0.61,0.35,347.48
web-NotreDame,326K,1.5M,129.2M,16.8M,3.0,30.5228,4.2324914932,0.37,2.7,47.88
gsm_106857,589K,21.8M,1894.5M,132.4M,7.0,47.6432,39.7643699646,1.46,3.22,587.81
pdb1HYS,36K,4.3M,1110.6M,19.6M,28.0,13.6884,81.1377105713,0.27,1.0,1106.66
consph,83K,6.0M,927.7M,26.5M,17.0,13.6062,68.1814193726,0.35,1.01,916.15
cant,62K,4.0M,539.0M,17.4M,15.0,8.5558,62.9950408936,0.23,0.63,862.08
cop20k_A,121K,2.6M,159.8M,18.7M,4.0,5.5747,28.6592578888,0.26,0.31,514.71
webbase-1M,1000K,3.1M,139.0M,51.1M,1.0,26.7698,5.1942257881,0.78,1.78,78.23
dielFilterV2clx,607K,25.3M,2484.0M,177.6M,6.0,55.8506,44.4749679565,1.56,3.94,629.84
dielFilterV2real,1157K,48.5M,4674.7M,325.0M,7.0,101.4347,46.0860481262,2.28,7.77,601.66
dielFilterV3clx,420K,32.9M,6252.9M,247.3M,12.0,119.9263,52.1396713257,2.92,8.94,699.46
dielFilterV3real,1103K,89.3M,17410.9M,688.6M,12.0,333.9744,52.1325035095,7.39,26.16,665.49
cnr-2000,326K,3.2M,192.1M,34.2M,2.0,16.4032,11.713054657,0.51,1.15,166.38
in-2004,1383K,16.9M,3417.0M,213.3M,8.0,140.5807,24.3063716888,2.92,11.13,306.89
eu-2005,863K,19.2M,1698.5M,284.2M,2.0,133.0089,12.7701063156,1.86,11.37,149.39
road_central,14082K,33.9M,187.2M,70.0M,1.0,51.9008,3.6072595119,3.53,1.64,114.37
road_usa,23947K,57.7M,319.5M,119.5M,1.0,77.4015,4.1274151802,5.59,2.05,156.19
delaunay_n21,2097K,12.6M,158.5M,43.4M,1.0,17.0236,9.3096065521,0.99,0.74,214.86
delaunay_n22,4194K,25.2M,317.0M,86.8M,1.0,32.7303,9.6842746735,1.69,1.46,216.45
delaunay_n23,8389K,50.3M,633.9M,173.7M,1.0,60.9833,10.395031929,3.07,2.93,216.67
delaunay_n24,16777K,100.7M,1267.8M,347.3M,1.0,118.6878,10.6820478439,6.02,5.83,217.3
hugebubbles-00000,18318K,54.9M,329.6M,113.0M,1.0,32.1161,10.2622642517,1.98,1.23,268.06
hugebubbles-00010,19458K,58.4M,350.1M,121.5M,1.0,44.8458,7.8067116737,2.37,2.13,164.02
hugebubbles-00020,21198K,63.6M,381.4M,132.7M,1.0,47.1787,8.0847110748,2.48,2.25,169.67
hugetrace-00010,12057K,36.2M,217.0M,75.0M,1.0,22.9406,9.4572191238,1.35,0.92,236.69
hugetrace-00020,16002K,48.0M,287.9M,99.7M,1.0,30.988,9.292219162,1.73,1.37,209.69
hugetric-00010,6593K,19.8M,118.6M,41.3M,1.0,15.5044,7.6496934891,0.94,0.64,183.94
hugetric-00020,7123K,21.4M,128.1M,44.6M,1.0,16.0929,7.9626436234,0.95,0.69,186.01
rgg_n_2_19_s0,524K,6.5M,176.3M,19.6M,4.0,8.348,21.1192302704,0.48,0.38,464.32
rgg_n_2_20_s0,1049K,13.8M,390.0M,41.7M,4.0,15.6321,24.9461765289,0.79,0.81,484.18
rgg_n_2_21_s0,2097K,29.0M,859.2M,88.5M,4.0,31.3948,27.3660011292,1.46,1.72,498.46
rgg_n_2_22_s0,4194K,60.7M,1879.9M,187.0M,5.0,62.8041,29.9325332642,2.5,3.69,509.9
germany_osm,11549K,24.7M,112.4M,42.7M,1.0,36.1355,3.1117115021,2.83,0.76,148.24
auto,449K,6.6M,202.5M,33.1M,3.0,9.5876,21.1204376221,0.49,0.49,411.91
m14b,215K,3.4M,109.2M,16.4M,3.0,5.3425,20.4441375732,0.3,0.25,435.67
HTC_336_4438,226K,0.9M,541.2M,83.3M,3.0,726.8505,0.7446175814,23.12,50.68,10.68
HTC_336_9129,226K,0.9M,467.1M,73.6M,3.0,387.1507,1.2064846754,3.55,34.81,13.42
TSC_OPF_1047,8K,2.0M,2704.8M,8.8M,153.0,18.5714,145.6413269043,0.41,1.49,1814.91
TSC_OPF_300,10K,0.8M,866.2M,20.1M,21.0,104.3074,8.3046140671,5.99,5.84,148.4
Serena,1391K,64.5M,6223.9M,315.8M,9.0,130.1007,47.8393516541,2.81,10.12,614.89
Emilia_923,923K,41.0M,3668.4M,179.9M,10.0,81.122,45.2210006714,1.87,6.24,588.17
Fault_639,639K,28.6M,2597.6M,126.6M,10.0,59.0844,43.963558197,1.56,4.23,613.7
Flan_1565,1565K,117.4M,18026.9M,509.7M,17.0,306.8558,58.7470321655,7.2,23.57,764.77
Geo_1438,1438K,63.2M,5603.5M,274.5M,10.0,118.6877,47.2117767334,2.6,9.3,602.29
Hook_1498,1498K,60.9M,5537.8M,312.4M,8.0,105.3298,52.5757789612,2.59,7.85,705.22
StocF-1465,1465K,21.0M,621.7M,93.2M,3.0,27.2726,22.7961978912,1.25,1.34,464.0
Cube_Coup_dt0,2165K,127.2M,15036.4M,552.7M,13.0,204.4087,73.5605010986,4.78,15.7,957.6
Long_Coup_dt6,1470K,87.1M,10448.5M,388.7M,13.0,164.5376,63.5021247864,3.74,12.77,818.5
Chevron4,711K,6.4M,114.6M,17.7M,3.0,10.0393,11.4113941193,0.57,0.46,248.45
CurlCurl_2,807K,8.9M,198.8M,44.5M,2.0,11.8711,16.7427597046,0.72,0.5,397.99
CurlCurl_3,1220K,13.5M,302.8M,67.9M,2.0,18.2173,16.619720459,1.15,0.73,414.63
CurlCurl_4,2381K,26.5M,594.2M,133.4M,2.0,29.5185,20.1294994354,1.56,1.4,424.0
333SP,3713K,22.2M,269.6M,72.0M,1.0,29.0408,9.2822160721,1.57,1.31,205.43
AS365,3799K,22.7M,277.8M,74.6M,1.0,31.8037,8.7352619171,1.67,1.45,191.0
M6,3502K,21.0M,257.0M,69.0M,1.0,29.5864,8.6851539612,1.56,1.34,191.49
NLR,4164K,25.0M,305.5M,82.0M,1.0,35.2617,8.6647806168,1.83,1.61,190.12
vsp_bcsstk30_500sep_10in_1Kout,58K,4.0M,678.3M,18.2M,18.0,15.5183,43.707775116,0.29,1.26,537.5
vsp_befref_fxm_2_4_air02,14K,0.2M,158.4M,38.3M,2.0,101.7831,1.556724906,1.47,8.76,18.09
vsp_msc10848_300sep_100in_1Kout,22K,2.4M,649.2M,12.8M,25.0,13.1229,49.4676094055,0.23,1.08,601.41
CoupCons3D,417K,22.3M,2454.4M,89.1M,13.0,42.5553,57.6757278442,1.36,2.76,888.73
ML_Laplace,377K,27.7M,4076.9M,95.9M,21.0,56.2327,72.5005874634,1.9,3.65,1116.99
Bump_2911,2911K,127.7M,11490.3M,560.2M,10.0,218.1754,52.6654891968,4.36,17.55,654.85
hangGlider_3,10K,0.1M,167.8M,83.2M,1.0,318.8809,0.526209712,3.88,28.06,5.98
hangGlider_4,16K,0.1M,385.2M,191.3M,1.0,1109.9028,0.3470496535,9.02,105.76,3.64
hangGlider_5,16K,0.2M,407.8M,202.6M,1.0,1195.1886,0.3411727846,9.23,113.95,3.58
lowThrust_4,14K,0.2M,115.0M,28.3M,2.0,107.6888,1.0681455135,1.78,9.08,12.67
lowThrust_5,16K,0.2M,164.8M,40.6M,2.0,151.2902,1.0891236067,2.41,12.75,12.93
lowThrust_6,17K,0.2M,178.4M,44.0M,2.0,171.0816,1.0427041054,2.31,14.83,12.03
lowThrust_7,17K,0.2M,187.8M,46.4M,2.0,177.0301,1.0607807636,2.73,15.21,12.35
lowThrust_8,18K,0.2M,194.8M,48.1M,2.0,188.7757,1.0319740772,2.83,16.12,12.09
lowThrust_9,18K,0.2M,202.3M,50.0M,2.0,199.7301,1.0126296282,3.04,17.01,11.89
lowThrust_10,18K,0.2M,207.0M,51.1M,2.0,207.0343,1.0000642538,3.15,17.5,11.83
lowThrust_11,18K,0.2M,209.5M,51.8M,2.0,216.216,0.968932569,3.04,18.61,11.26
lowThrust_12,18K,0.2M,211.5M,52.3M,2.0,216.3282,0.9777451754,3.15,18.54,11.41
lowThrust_13,18K,0.2M,211.9M,52.4M,2.0,208.718,1.015370369,3.15,17.77,11.93
iChem_Jacobian,274K,4.1M,127.6M,18.8M,3.0,6.3217,20.1789360046,0.37,0.28,451.56
cant,62K,4.0M,539.0M,17.4M,15.0,9.3427,57.6892089844,0.25,0.69,784.42
pwtk,218K,11.6M,1252.1M,32.8M,19.0,13.4368,93.185043335,0.55,0.75,1674.84
offshore,260K,4.2M,142.7M,23.4M,3.0,6.3924,22.3210411072,0.35,0.31,457.91
pdb1HYS,36K,4.3M,1110.6M,19.6M,28.0,13.9131,79.8273162842,0.3,1.1,1013.83
rma10,47K,2.4M,313.0M,7.9M,19.0,4.0824,76.6609115601,0.12,0.29,1064.49
shipsec1,141K,7.8M,901.3M,24.1M,18.0,16.1483,55.8125953674,0.42,1.21,745.29
consph,83K,6.0M,927.7M,26.5M,17.0,13.6506,67.9596557617,0.35,1.02,908.34
conf5_4-8x8-05,49K,1.9M,149.5M,10.9M,6.0,4.5549,32.8262710571,0.14,0.32,465.94
filter3D,106K,2.7M,171.9M,20.2M,4.0,6.0198,28.5581531525,0.27,0.39,446.41
af_shell10,1508K,52.7M,3681.8M,142.7M,12.0,52.9532,69.5299606323,2.08,3.17,1162.23
hood,221K,10.8M,1124.1M,34.2M,16.0,16.0706,69.9448928833,0.49,1.06,1063.84
cant,62K,4.0M,539.0M,17.4M,15.0,183.9768,2.9295701981,0.23,18.0,29.94
cant,62K,4.0M,539.0M,17.4M,15.0,184.6586,2.918753624,0.23,18.61,28.96
cant,62K,4.0M,539.0M,17.4M,15.0,174.2981,3.092247963,0.23,16.88,31.92
cant,62K,4.0M,539.0M,17.4M,15.0,182.154,2.9588861465,0.23,18.25,29.54
cant,62K,4.0M,539.0M,17.4M,15.0,175.9835,3.0626335144,0.23,17.3,31.16
cant,62K,4.0M,539.0M,17.4M,15.0,182.8729,2.9472544193,0.23,18.41,29.28
cant,62K,4.0M,539.0M,17.4M,15.0,3.9552,136.2694549561,0.27,0.13,4061.59
delaunay_n24,16777K,100.7M,1267.8M,347.3M,1.0,81.8826,15.4834938049,5.92,2.29,553.25
cant,62K,4.0M,539.0M,17.4M,15.0,11.832,45.5521430969,10.5,1.33,404.03
cant,62K,4.0M,539.0M,17.4M,15.0,3.52,153.1173248291,2.19,1.33,405.24
cant,62K,4.0M,539.0M,17.4M,15.0,3.664,147.099609375,2.33,1.33,404.63
cant,62K,4.0M,539.0M,17.4M,15.0,3.484,154.6994781494,2.16,1.32,407.08
