1138_bus,0.024502,0.003152,0.015312,0.007322,0.020275,0.000000,0.022486,0.004547,0.1451199949,0.249972,0.118086,0.027034,1.341886
bcsstk30,0.092861,0.033747,1.33447,0.034349,0.071478,0.0,3.605034,0.00641,5.2252349854,66.401382,1.613792,3.611443,96.073174
pre2,2.297654,0.893261,4.05009,0.064336,3.590416,0.0,41.042366,1.925155,53.9114875793,15.490794,10.943966,42.967522,19.43635
bcsstk35,0.075946,0.034042,0.467872,0.008979,0.08271,0.0,1.70145,0.004637,2.4222464561,62.483185,0.71616,1.706086,88.711617
bcsstk36,0.059626,0.032294,0.398928,0.009299,0.06215,0.0,1.416256,0.004992,2.0323393345,59.174122,0.611091,1.421248,84.617096
crystk02,0.059626,0.03072,0.50584,0.009162,0.063603,0.0,1.227453,0.004765,1.9483582973,72.112442,0.716141,1.232218,114.022766
crystk03,0.085696,0.03151,0.962995,0.009488,0.070163,0.0,2.957642,0.005021,4.1696796417,61.936802,1.207017,2.962662,87.170448
ct20stif,0.129046,0.940496,1.13312,0.03039,0.087504,0.0,3.597238,0.005354,5.9709181786,51.662853,2.368326,3.602592,85.625755
msc10848,0.059616,0.028672,0.978115,0.034611,0.06361,0.0,3.94281,0.006016,5.1600828171,63.760525,1.211257,3.948826,83.318329
msc23052,0.059606,0.031597,0.431878,0.009091,0.062141,0.0,1.440733,0.004726,2.0862975121,58.444054,0.640838,1.445459,84.354988
pcrystk02,0.051395,0.029974,0.466179,0.008973,0.061757,0.0,1.129443,0.004563,1.7981920242,78.134521,0.664186,1.134006,123.897774
pcrystk03,0.085136,0.031235,0.964246,0.009213,0.069347,0.0,2.957645,0.004883,4.1690912247,61.945545,1.206563,2.962528,87.1744
pct20stif,0.109242,0.959341,1.041069,0.026141,0.072992,0.0,3.344598,0.004874,5.6053090096,55.032589,2.255837,3.349472,92.096512
pwtk,2.470336,0.69055,3.429866,0.032093,0.115082,0.0,13.295042,0.035718,20.118221283,62.237549,6.787461,13.33076,93.926285
circuit_4,1.195555,0.818813,2.785712,0.036877,3.492282,0.0,10.052221,0.207203,18.6364612579,9.505486,8.377037,10.259424,17.266916
rma10,0.101779,0.964842,1.343773,0.026464,0.071395,0.0,2.89136,0.004819,5.4501914978,57.421928,2.554012,2.896179,108.059792
ex11,0.065318,0.031994,0.564435,0.009184,0.062662,0.0,1.6204,0.004493,2.4061920643,63.838554,0.781299,1.624893,94.534119
gupta1,0.122634,0.035414,16.36006,0.038838,4.142154,0.0,70.266792,0.218029,91.2313995361,93.734367,20.746578,70.484818,121.324249
gupta2,0.190662,0.036176,31.57696,0.039725,3.66568,0.0,148.813965,0.586326,184.9577484131,88.210114,35.557457,149.400284,109.204231
gupta3,0.222646,0.028653,100.499756,0.031933,0.376979,0.0,365.14621,0.037456,466.3910217285,131.717682,101.207359,365.183655,168.222046
li,0.068346,0.032202,0.750166,0.009334,0.335933,0.0,3.775795,0.00489,5.0241570473,39.687687,1.243472,3.780685,52.741016
pli,0.06841,0.031859,0.686163,0.009293,0.308963,0.0,3.491674,0.004963,4.6481151581,42.898502,1.151478,3.496637,57.025417
nasasrb,0.115613,0.952675,0.738394,0.026371,0.072566,0.0,3.130327,0.005203,5.088160038,52.919006,1.95263,3.13553,85.873962
nemeth01,0.042048,0.02777,0.39768,0.009411,0.06216,0.0,0.617546,0.004662,1.2076128721,93.398109,0.585405,0.622208,181.27179
nemeth18,0.045894,0.028365,0.42121,0.008928,0.060003,0.0,0.773814,0.004618,1.3896157742,73.617104,0.611184,0.778432,131.417358
nemeth19,0.050413,0.027165,0.472893,0.0088,0.061107,0.0,0.762493,0.004691,1.4351038933,98.92334,0.66792,0.767184,185.047241
nemeth20,0.050547,0.026829,0.572435,0.00889,0.060534,0.0,1.203267,0.004733,1.9744608402,101.83474,0.766461,1.208,166.447601
nemeth21,0.058374,0.027024,0.683891,0.008787,0.061238,0.0,2.024224,0.004538,2.9149951935,100.761742,0.886233,2.028762,144.777954
nemeth22,0.059978,0.026368,0.816448,0.009232,0.061907,0.0,2.186464,0.004698,3.2121441364,122.733711,1.020983,2.191161,179.922104
nemeth23,0.059578,0.025728,0.886749,0.009152,0.061194,0.0,2.476681,0.004477,3.5698113441,136.951187,1.088653,2.481158,197.041031
nemeth24,0.059347,0.025536,0.879744,0.009155,0.061638,0.0,2.497587,0.004499,3.5842654705,136.644089,1.082179,2.502087,195.744095
nemeth25,0.060435,0.025424,0.86399,0.008899,0.062269,0.0,2.449408,0.004698,3.521961689,139.948639,1.067856,2.454105,200.844589
nemeth26,0.059101,0.025626,0.864467,0.009046,0.061629,0.0,2.449063,0.004611,3.5199711323,140.028061,1.066297,2.453674,200.880295
xenon2,1.182874,0.804016,0.781757,0.026733,0.07527,0.0,3.071546,0.022538,6.012005806,32.454178,2.917922,3.094084,63.060577
3dtube,0.14496,0.031098,2.407657,0.036051,0.517846,0.0,9.891139,0.010141,13.0858564377,45.756519,3.184577,9.901279,60.47332
cfd2,1.160275,0.611856,0.632547,0.02616,0.075264,0.0,2.290422,0.022349,4.8655133247,32.508141,2.552742,2.312771,68.38929
gearbox,1.349219,0.771046,3.965334,0.028864,0.10105,0.0,12.733741,0.023485,19.0222873688,60.224709,6.265062,12.757226,89.801003
appu,0.113942,0.031965,1.896087,0.034173,4.086448,0.0,8.364842,0.009686,14.5849304199,36.19231,6.210402,8.374529,63.031879
bbmat,0.083379,0.03215,0.759661,0.034006,0.625376,0.0,2.424698,0.005933,4.0132513046,48.031628,1.582621,2.43063,79.305756
olafu,0.059242,0.029213,0.440192,0.009178,0.061405,0.0,1.422336,0.00487,2.0732190609,63.970871,0.646013,1.427206,92.926743
raefsky3,0.084189,0.029158,0.894547,0.009206,0.062448,0.0,1.400074,0.004768,2.5316989422,83.26207,1.126857,1.404842,150.048584
raefsky4,0.06864,0.032304,0.727315,0.034294,0.063648,0.0,1.912877,0.006019,2.8939936161,65.157242,0.975098,1.918896,98.267258
av41092,0.087181,0.034282,1.246736,0.03815,1.42608,0.0,6.460489,0.027866,9.3684062958,14.783182,2.880051,6.488355,21.345142
bcsstk39,0.095709,0.742682,0.426502,0.025981,0.06744,0.0,2.278061,0.00496,3.6881089211,51.232811,1.405088,2.283021,82.764107
pkustk01,0.059568,0.031242,0.352621,0.033578,0.067453,0.0,1.351296,0.006,1.9477154016,53.935303,0.590419,1.357296,77.39698
pkustk02,0.050579,0.029283,0.429216,0.008922,0.062362,0.0,1.136403,0.004816,1.7667167187,80.179535,0.625498,1.141219,124.125603
pkustk03,0.12625,0.941674,0.89063,0.026237,0.071376,0.0,3.519927,0.005037,5.627846241,58.120327,2.102883,3.524963,92.793091
pkustk04,0.170784,0.035248,7.283241,0.03848,3.870423,0.0,35.46637,0.1264,47.0383834839,42.675407,11.445614,35.59277,56.398594
pkustk05,0.094765,0.033008,1.151635,0.009562,0.080899,0.0,3.062877,0.00473,4.4844093323,68.404289,1.416803,3.067606,99.997459
pkustk06,0.101366,0.966038,1.341258,0.026102,0.073638,0.0,3.616896,0.004851,6.1766939163,58.259174,2.554946,3.621747,99.357864
pkustk07,0.086394,0.029389,2.735597,0.03408,0.084774,0.0,9.43312,0.005952,12.4576768875,65.826355,3.018605,9.439072,86.877556
pkustk08,0.10919,0.02911,2.793354,0.033632,0.082909,0.0,13.294534,0.00625,16.3954143524,67.444847,3.094631,13.300783,83.136925
pkustk09,0.075696,0.031552,0.445357,0.00865,0.062218,0.0,1.787721,0.004538,2.4624288082,65.742035,0.67017,1.792259,90.324608
pkustk10,0.157747,0.90833,1.254912,0.02608,0.072832,0.0,4.909792,0.004646,7.3809113503,63.306175,2.466473,4.914439,95.078461
pkustk11,1.232995,0.890042,2.871728,0.027408,0.089517,0.0,7.382998,0.02272,12.564368248,58.117153,5.158651,7.405717,98.600212
pkustk12,0.281197,0.345859,15.981342,0.040909,3.981642,0.0,106.318871,0.533747,127.532913208,42.035877,20.680296,106.852615,50.17152
pkustk13,1.236944,0.828202,6.175597,0.039402,0.105206,0.0,12.534449,0.499322,21.469039917,52.447372,8.435269,13.033771,86.390564
pkustk14,1.418259,0.614918,11.589584,0.039331,0.171958,0.0,39.659359,0.146874,53.6889038086,66.214272,13.882671,39.806232,89.306915
kim2,2.441584,0.739546,2.311207,0.029382,0.105786,0.0,5.931568,0.023971,11.6304759979,48.49316,5.674937,5.955539,94.701508
torso1,0.278416,0.790096,31.411772,0.042403,0.094413,0.0,121.723839,0.111331,154.5003204346,98.365463,32.66515,121.835167,124.738174
torso3,2.240563,0.193978,0.815981,0.026576,0.082458,0.0,3.94416,0.02273,7.3744254112,21.492933,3.407536,3.966889,39.955246
cage13,2.347014,0.83448,2.025354,0.275338,3.183142,0.0,8.246675,0.02361,16.9832801819,16.172636,8.712996,8.270285,33.210999
cage14,2.99577,1.280787,7.704919,1.066941,3.779258,0.0,32.508942,0.164566,49.5499649048,21.481579,16.876457,32.673508,32.577202
cage15,5.526077,2.041501,30.046652,0.309286,147.074051,0.0,124.003159,1.137232,310.204498291,13.401686,185.064102,125.140388,33.220795
sinc18,0.062538,0.031571,0.519363,0.036909,2.460803,0.0,3.254467,0.009405,6.4242086411,19.96166,3.160336,3.263872,39.2901
ns3Da,0.111696,0.033933,2.751629,0.035718,0.084234,0.0,6.201021,0.033139,9.2980480194,38.186665,3.063888,6.23416,56.954174
poisson3Db,0.152288,0.888826,1.039603,0.035219,1.411296,0.0,3.462733,0.037706,7.0769371986,23.854176,3.576499,3.500439,48.226669
sme3Da,0.068262,0.031235,0.936368,0.034867,0.063603,0.0,2.621616,0.006099,3.8080062866,40.163055,1.180291,2.627715,58.203094
sme3Db,0.137168,0.03239,3.690013,0.036902,0.095667,0.0,6.319267,0.037706,10.396569252,36.344913,4.039597,6.356973,59.44062
sme3Dc,0.200512,0.832227,5.325471,0.03487,0.081475,0.0,9.62697,0.085632,16.2339553833,35.684856,6.521353,9.712603,59.644817
nd3k,0.088032,0.027437,3.439495,0.033104,0.090896,0.0,28.045599,0.009629,31.780954361,80.297867,3.725727,28.055227,90.961403
nd6k,0.148125,0.026762,12.186361,0.033325,0.120141,0.0,66.453781,0.009914,79.0263214111,70.510056,12.562627,66.463692,83.837509
nd12k,0.280413,0.028314,20.139866,0.034621,0.184378,0.0,153.170776,0.03296,173.9193267822,67.465897,20.71559,153.203735,76.588364
nd24k,0.549968,0.028438,40.807079,0.034416,0.28905,0.0,366.274261,0.035763,408.0664672852,58.220261,41.756443,366.310028,64.856911
af_shell1,2.670227,0.498499,4.48104,0.029843,0.113581,0.0,14.219174,0.024394,22.0844135284,55.569313,7.840846,14.243568,86.159286
af_shell2,2.672112,0.496576,4.499533,0.029862,0.110518,0.0,14.225416,0.023795,22.1073246002,55.511723,7.858113,14.249211,86.125168
af_shell3,2.668416,0.500205,4.479885,0.030096,0.112634,0.0,14.206812,0.024259,22.0714187622,55.602032,7.840348,14.231071,86.234947
af_shell4,2.667936,0.500707,4.479158,0.029501,0.112227,0.0,14.214905,0.024771,22.0767326355,55.588646,7.837057,14.239676,86.182838
af_shell5,2.666518,0.502102,4.478422,0.029693,0.111699,0.0,14.238873,0.024355,22.0987644196,55.533226,7.835536,14.263227,86.040535
af_shell6,2.66631,0.502931,4.478726,0.030803,0.114381,0.0,14.236154,0.025536,22.1032447815,55.521969,7.841555,14.261689,86.049812
af_shell7,2.667703,0.500909,4.477062,0.029949,0.118291,0.0,14.236176,0.024122,22.1022567749,55.524452,7.841959,14.260298,86.058212
af_shell8,2.669651,0.498714,4.481436,0.0292,0.11152,0.0,14.256264,0.024355,22.118024826,55.484867,7.837406,14.280619,85.935753
af_shell9,2.666535,0.501696,4.475517,0.029181,0.110234,0.0,14.260406,0.02512,22.1172142029,55.4869,7.831688,14.285526,85.906227
c-62,0.077632,0.034256,2.182454,0.03784,2.889216,0.0,6.187049,0.02879,11.4846277237,9.863099,5.268788,6.21584,18.223446
c-64,0.419542,0.035731,6.108531,0.03919,3.754153,0.0,28.209774,0.124682,38.7399520874,62.580181,10.405497,28.334455,85.562019
c-66,0.07616,0.93433,1.56823,0.038064,2.60401,0.0,7.360464,0.104912,12.7341594696,11.261416,5.268784,7.465375,19.209305
c-67,0.137469,0.034352,1.288237,0.038,2.670912,0.0,8.598391,0.052765,12.8676280975,18.790375,4.216473,8.651155,27.948586
c-73,1.964509,0.160717,15.311444,0.0,0.0,0.0,0.0,0.0,0.0,0.0,0.0,0.0,0.0
ohne2,2.576458,0.600294,9.35879,0.04663,0.131853,0.0,26.902252,0.230314,39.8941650391,37.880108,12.7616,27.132566,55.696732
para-10,1.153949,0.871661,6.163744,0.038058,3.262035,0.0,17.995937,0.237578,29.771194458,17.838488,11.53768,18.233515,29.126204
para-4,1.172448,0.871126,4.694902,0.038598,2.999741,0.0,14.121789,0.193555,24.1404533386,20.358898,9.825109,14.315344,34.331905
para-5,1.15601,0.871514,6.166601,0.037773,3.259792,0.0,17.956673,0.236512,29.7325744629,17.861658,11.53939,18.193184,29.190771
para-6,1.155898,0.87,6.165869,0.038595,3.260029,0.0,17.983564,0.241949,29.763874054,17.842875,11.538361,18.225513,29.13899
para-7,1.155459,0.87183,6.166029,0.04,3.261264,0.0,17.980778,0.23655,29.7590732574,17.845753,11.541745,18.217329,29.152081
para-8,1.150326,0.871261,6.166218,0.038016,3.260371,0.0,17.97599,0.237891,29.7472934723,17.852819,11.533412,18.213882,29.157598
para-9,1.151309,0.8716,6.150765,0.037661,3.274224,0.0,17.953793,0.236384,29.7234458923,17.867144,11.533269,18.190176,29.195597
Stanford_Berkeley,3.153424,1.093674,5.344198,0.064909,3.003824,0.0,109.178818,2.79272,124.6811523438,3.562958,12.709615,111.971535,3.967381
mult_dcop_01,0.226781,0.239302,3.676688,0.130406,69.129005,0.0,21.089415,1.843376,96.3990325928,10.79875,73.46624,22.932791,45.393036
mult_dcop_02,0.223194,0.38865,3.678819,0.125235,69.644829,0.0,19.838163,2.037482,95.9998626709,10.843651,74.124214,21.875645,47.586666
mult_dcop_03,0.225158,0.240368,3.681705,0.125677,69.123245,0.0,21.047495,1.89224,96.4003601074,10.798588,73.460625,22.939735,45.379242
gyro_k,0.051667,0.0328,0.53569,0.033062,0.161069,0.0,2.045994,0.00608,2.9129536152,53.483562,0.86088,2.052073,75.920837
t3dh_a,0.171155,0.857299,2.510512,0.034934,0.488253,0.0,7.598396,0.004906,11.7120161057,43.705601,4.108714,7.603302,67.323471
t3dh_e,0.168192,0.897427,2.385175,0.0268,0.091824,0.0,7.217001,0.005018,10.8388223648,47.226597,3.616803,7.222019,70.877785
bmw3_2,2.474534,0.691056,4.71975,0.044486,0.10625,0.0,14.868052,0.22857,23.1804542542,52.100372,8.083833,15.096622,79.998718
c-58,0.062966,0.034051,2.021939,0.03799,3.061895,0.0,7.42522,0.051824,12.7434082031,12.368619,5.266365,7.477044,21.080305
c-62ghs,0.077744,0.034077,2.183187,0.037654,2.88839,0.0,6.173456,0.02913,11.4708919525,9.87491,5.268306,6.202586,18.262388
c-71,0.104656,0.895626,3.168311,0.036963,3.103043,0.0,10.791862,0.1388,18.286737442,8.219042,7.356075,10.930662,13.75026
exdata_1,0.055133,0.030854,6.777078,0.032835,0.080867,0.0,21.078152,0.032646,28.134475708,241.042847,7.023678,21.110798,321.239136
audikw_1,4.644403,0.657917,107.76461,0.077571,3.922141,0.0,250.53714,1.852477,369.5057067871,43.786793,117.116089,252.389618,64.105133
bmw7st_1,1.303046,0.819843,3.489488,0.040346,0.093194,0.0,9.97688,0.15583,15.9262514114,50.735008,5.793541,10.13271,79.743568
bmwcra_1,1.361859,0.693562,8.822857,0.037766,0.120202,0.0,17.946033,0.741917,29.7730865479,54.57975,11.085136,18.68795,86.954834
crankseg_1,0.264195,0.030333,10.500918,0.03856,1.72808,0.0,70.435966,0.038688,83.0858154297,61.350742,12.611161,70.474655,72.329216
crankseg_2,0.329942,0.029667,14.436068,0.039165,3.344105,0.0,108.000931,0.03169,126.2588653564,58.969608,18.226246,108.032623,68.918404
crplat2,0.051309,0.028678,0.28569,0.009066,0.061606,0.0,1.216912,0.004963,1.706111908,61.29755,0.484237,1.221875,85.590157
fcondp2,2.458931,0.703638,4.235885,0.02848,0.10152,0.0,13.144381,0.023034,20.743473053,62.702236,7.576059,13.167414,98.778862
fullb,2.457052,0.705242,5.313322,0.029536,0.115754,0.0,14.549833,0.025638,23.2441310883,61.962677,8.668659,14.575472,98.814537
halfb,2.489363,0.674138,4.997226,0.030765,0.113264,0.0,14.787103,0.024912,23.1654777527,61.773014,8.353463,14.812015,96.610855
hood,2.466851,0.695046,3.5564,0.028653,0.102106,0.0,12.501887,0.023165,19.4234981537,57.870949,6.898446,12.525052,89.744637
inline_1,3.403936,0.830675,40.438694,0.057453,1.653821,0.0,88.220123,0.412256,135.0664978027,49.315609,46.43412,88.632378,75.151848
ldoor,3.66136,0.588733,17.035738,0.117658,3.789801,0.0,52.519146,0.026752,77.7877807617,61.934696,25.241882,52.545898,91.686752
m_t1,1.297216,0.769632,9.364612,0.04,0.103766,0.0,21.67297,0.978438,34.2760314941,61.530647,11.624623,22.651409,93.107956
oilpan,0.142154,0.923178,0.973741,0.026349,0.073821,0.0,3.366326,0.004982,5.5567269325,67.979675,2.185418,3.371309,112.046844
opt1,0.077802,0.029078,1.440944,0.034211,0.078355,0.0,5.427408,0.005805,7.1410970688,75.386467,1.707885,5.433213,99.083565
ramage02,0.092781,0.029699,2.997146,0.033523,0.075501,0.0,10.906371,0.006147,14.1876955032,75.444977,3.275177,10.912519,98.088303
s3dkq4m2,1.217203,0.522854,1.226371,0.026771,0.083792,0.0,4.262096,0.022534,7.4083070755,69.690247,3.123676,4.284631,120.497368
s3dkt3m2,1.195008,0.138557,0.971926,0.026461,0.072944,0.0,2.872109,0.022816,5.3464636803,58.510513,2.451539,2.894925,108.059578
ship_001,0.142115,0.031798,4.376112,0.034675,0.092602,0.0,15.276179,0.006262,20.0063591003,72.383568,4.723917,15.282442,94.757866
ship_003,1.30161,0.773539,4.992355,0.029155,0.102195,0.0,10.570378,0.023133,17.8398990631,64.985924,7.246388,10.593511,109.438911
shipsec1,1.273498,0.809766,2.971001,0.026474,0.083478,0.0,7.580877,0.022646,12.8142824173,70.333908,5.210759,7.603523,118.534332
shipsec5,2.428967,0.744906,4.157421,0.028963,0.102694,0.0,10.468361,0.023827,18.0046577454,66.08139,7.51247,10.492188,113.396057
shipsec8,1.273603,0.846298,2.774973,0.027949,0.091725,0.0,7.469171,0.023885,12.5553569794,65.102661,5.062301,7.493056,109.085953
srb1,0.120365,0.943581,0.823958,0.026723,0.07992,0.0,3.477808,0.005075,5.5245637894,58.312012,2.041681,3.482883,92.494766
thread,0.133664,0.027878,3.98383,0.033299,0.091322,0.0,17.895733,0.00615,22.2182712555,66.446312,4.316388,17.901884,82.467415
trdheim,0.087482,0.031709,1.235853,0.009594,0.069971,0.0,2.610317,0.006298,4.0984640121,94.010918,1.48185,2.616614,147.251495
troll,2.473181,0.690054,4.618448,0.044416,0.115274,0.0,17.27124,0.14247,25.4045658112,55.769726,7.990855,17.413712,81.361496
tsyl201,0.094726,0.028435,2.442816,0.009683,0.078896,0.0,5.596633,0.031478,8.3299684525,74.004463,2.701857,5.628112,109.53138
vanbody,0.101427,0.964275,0.811648,0.033382,0.068915,0.0,3.399728,0.024371,5.4493279457,47.958481,2.025229,3.424099,76.324158
x104,1.319872,0.74663,9.8084,0.037082,0.111626,0.0,20.111866,1.151565,33.3359146118,62.771488,12.072484,21.263432,98.4105
a0nsdsil,0.998582,0.911427,4.597607,0.03352,3.797606,0.0,18.819166,2.838886,32.0451431274,12.575701,10.387091,21.658052,18.606943
a2nnsnsl,1.013418,0.926006,3.801353,0.032234,3.537542,0.0,17.860235,1.413894,28.6323661804,12.838635,9.358236,19.27413,19.072224
a5esindl,0.095488,0.753434,2.713737,0.032787,3.577328,0.0,13.463234,1.421264,22.1062221527,15.91317,7.221724,14.884498,23.633989
bloweya,1.0688,0.028454,1.080451,0.032915,3.995091,0.0,7.049434,1.324307,14.6271390915,13.790806,6.253398,8.373741,24.089596
brainpc2,0.241258,0.605251,2.675184,0.037024,8.027802,0.0,11.206553,1.365075,24.2061653137,39.392948,11.634537,12.571629,75.849541
sparsine,0.111414,0.954634,0.797331,0.03559,0.805366,0.0,3.374637,0.024797,6.152223587,17.622391,2.75279,3.399433,31.892637
std1_Jac2,0.061584,0.03481,0.927283,0.037232,0.601862,0.0,3.587856,0.028227,5.326611042,31.471264,1.710528,3.616083,46.358223
std1_Jac3_db,0.042387,0.031907,0.878941,0.032701,0.061642,0.0,0.859501,0.025498,1.979590416,54.150036,1.094592,0.884998,121.124397
std1_Jac3,0.069894,0.033792,0.997901,0.037046,0.662227,0.0,4.070291,0.027414,5.9469056129,38.561615,1.8492,4.097705,55.963585
Zd_Jac2_db,0.051738,0.032886,1.133328,0.00936,0.062864,0.0,1.150736,0.028579,2.5166079998,53.331367,1.337293,1.179315,113.806847
Zd_Jac2,0.07112,0.034666,1.166688,0.038432,0.742032,0.0,4.752278,0.028467,6.8809242249,33.528908,2.100179,4.780746,48.258141
Zd_Jac3_db,0.052154,0.033318,1.13432,0.009315,0.063942,0.0,1.241165,0.029891,2.6106879711,58.437294,1.339632,1.271056,120.02739
Zd_Jac3,0.071334,0.034486,1.367123,0.03728,0.875738,0.0,5.96287,0.028099,8.4243297577,37.751835,2.43336,5.990969,53.085552
Zd_Jac6_db,0.045261,0.033338,1.02464,0.00921,0.062173,0.0,1.125338,0.029139,2.3768866062,56.465122,1.22241,1.154477,116.252823
Zd_Jac6,0.071274,0.034544,1.173287,0.037923,0.768323,0.0,5.119981,0.027706,7.280380249,34.933861,2.132694,5.147686,49.407009
rajat16,0.403053,0.742528,6.633386,0.138378,169.088531,0.0,42.518833,0.125926,219.7138214111,8.235435,177.069061,42.64476,42.430515
rajat17,0.401638,0.70217,6.626457,0.138845,169.694794,0.0,42.644688,0.128726,220.4009246826,8.209762,177.627518,42.773415,42.302891
rajat18,0.418192,0.837709,5.989645,0.134394,166.920547,0.0,38.315872,0.176013,212.8536834717,8.280054,174.361801,38.491886,45.787315
bundle1,0.044429,0.026269,2.585757,0.032432,0.898912,0.0,8.539398,0.02672,12.2005558014,77.755455,3.634438,8.566118,110.745583
CO,2.371085,0.803232,3.05464,0.04463,4.26809,0.0,14.207561,0.2,24.9967632294,22.141888,10.589203,14.40756,38.41563
Ga10As10H30,0.221795,0.751341,4.375491,0.037994,4.002041,0.0,41.6129,0.07809,51.1276016235,42.955685,9.436612,41.69099,52.678555
Ga19As19H42,1.293229,0.700781,7.649459,0.039299,3.881965,0.0,79.886124,0.229258,93.729019165,42.895969,13.613638,80.115379,50.185085
Ga3As3H12,0.210957,0.034928,9.009048,0.036922,0.686138,0.0,85.490646,0.032544,95.5484848022,76.9776,10.025294,85.523193,86.001144
Ga41As41H72,2.847968,0.329149,17.766701,0.048422,4.266605,0.0,202.403458,0.371386,228.0817108154,37.290348,25.306868,202.774841,41.944286
GaAsH6,0.131539,0.035158,3.596797,0.037555,2.442736,0.0,30.072441,0.034621,36.3987197876,71.315605,6.291658,30.107061,86.218864
Ge87H76,0.335139,0.61559,6.222874,0.039322,4.259101,0.0,54.914402,0.089238,66.5236206055,44.180733,11.51998,55.003639,53.43396
Ge99H100,0.34311,0.601181,6.941117,0.039446,3.540224,0.0,61.267799,0.093802,72.8748016357,45.064011,11.513201,61.361603,53.519314
H2O,0.103366,0.961021,0.816557,0.042909,1.687568,0.0,3.700717,0.005043,7.3648386002,20.329222,3.659078,3.70576,40.402355
Si10H16,0.052906,0.034045,0.861667,0.034605,0.451786,0.0,4.310698,0.009677,5.8016805649,38.701096,1.481306,4.320375,51.970352
Si34H36,1.15335,0.890714,3.517882,0.036874,3.804381,0.0,28.290033,0.150528,37.8912887573,38.856155,9.450727,28.440561,51.76796
Si41Ge41H72,2.653376,0.522739,14.450767,0.047072,3.375834,0.0,168.227142,0.262038,189.5869445801,44.37748,21.097763,168.489182,49.934307
Si87H76,2.508509,0.66816,5.767613,0.04648,3.65855,0.0,38.385216,0.263174,51.3457145691,33.170246,12.697325,38.648392,44.06781
SiO2,0.443165,0.498307,43.378223,0.037923,0.203542,0.0,743.569519,0.18095,788.3609619141,36.179573,44.610493,743.750488,38.34964
SiO,0.071232,0.03417,0.747302,0.037542,1.198573,0.0,5.213809,0.027642,7.3779611588,44.570858,2.136511,5.24145,62.738754
rajat20,0.305923,0.836426,6.307965,0.14313,171.923248,0.0,42.006546,0.156995,221.7438049316,8.171675,179.580261,42.16354,42.975948
rajat25,0.191197,0.94025,6.608685,0.139594,171.884827,0.0,40.987907,0.129802,220.9459228516,8.243801,179.828201,41.11771,44.29805
rajat28,0.191923,0.931075,6.616259,0.14345,172.56572,0.0,40.787434,0.131101,221.4313659668,8.225729,180.512833,40.918533,44.513676
net100,0.112723,0.032842,3.346554,0.037776,3.695619,0.0,11.289693,0.009965,18.5730342865,25.649313,7.273376,11.299658,42.15929
net125,0.130256,0.034755,4.44984,0.038464,3.56729,0.0,16.084372,1.721258,26.0755271912,26.375828,8.269897,17.80563,38.62619
net150,0.147168,0.033216,5.606937,0.043389,8.65174,0.0,21.583338,0.512512,36.627494812,25.511343,14.531645,22.09585,42.289234
net50,0.063782,0.032787,1.737107,0.037085,2.293613,0.0,5.486989,0.009478,9.7082309723,16.424677,4.211764,5.496467,29.010372
net75,0.087498,0.032448,2.527721,0.037469,2.495629,0.0,7.652097,0.009632,12.8893642426,23.296926,5.227635,7.661729,39.192532
pattern1,0.372,0.036573,40.109341,0.036262,0.307584,0.0,134.162537,0.042285,175.114944458,83.286041,40.910122,134.204819,108.674423
pf2177,0.062128,0.029565,0.547693,0.031872,1.912547,0.0,5.322291,0.008797,7.9625825882,16.205519,2.631495,5.331088,24.204773
fp,0.052618,0.026323,0.897555,0.033536,0.595402,0.0,8.363763,0.009158,10.024728775,53.20013,1.651808,8.372921,63.695442
rajat31,2.929062,0.430637,3.936636,0.234566,0.186253,0.0,16.425732,1.12327,25.3154010773,7.406164,7.766399,17.549002,10.6838
laminar_duct3D,0.148285,0.886045,2.971885,0.026861,0.091325,0.0,7.375834,0.004826,11.5531435013,49.519199,4.172484,7.380659,77.513733
thermal2,2.396112,0.368435,1.717798,0.031558,0.101629,0.0,2.867065,0.026845,7.5563364029,16.081575,4.662426,2.89391,41.990868
F1,3.064457,0.218893,34.76844,0.054163,2.650675,0.0,87.891617,0.395056,129.0933990479,41.326836,40.806725,88.286674,60.428391
bloweybl,0.070464,0.870733,1.112851,0.032659,3.076019,0.0,5.812947,1.50633,12.5290431976,16.037931,5.209767,7.319276,27.453526
bloweybq,0.062755,0.867174,0.778336,0.030566,2.356457,0.0,3.202406,2.021942,9.3673658371,21.431831,4.143018,5.224348,38.427723
filter3D,1.126902,0.962054,1.040362,0.026563,0.079104,0.0,3.356128,0.022749,6.6613473892,25.807747,3.282471,3.378877,50.879147
gyro,0.05127,0.03281,0.538026,0.033107,0.159283,0.0,2.05201,0.005942,2.9188289642,53.375904,0.860877,2.057952,75.703972
t3dh,0.168477,0.897888,2.385408,0.026608,0.092768,0.0,7.223337,0.004941,10.8466081619,47.192699,3.61833,7.228278,70.816406
windscreen,0.075968,0.030042,0.950662,0.008934,0.063331,0.0,2.221331,0.004509,3.4012351036,59.851013,1.175395,2.22584,91.456429
bone010,4.510871,0.794118,59.330696,0.036618,0.422093,0.0,110.507408,0.036531,175.687286377,62.063938,65.143349,110.543938,98.638107
boneS01,1.244678,0.838144,2.809536,0.026656,0.087014,0.0,8.465953,0.023722,13.5422687531,58.192589,5.052594,8.489675,92.825668
boneS10,3.790751,0.461994,37.38755,0.034771,0.320781,0.0,73.804962,0.031392,115.8813705444,64.595581,42.045017,73.836357,101.378571
patents,3.872528,0.478678,4.909933,0.171837,0.136669,0.0,6.957469,1.108186,17.683177948,7.618285,9.617523,8.065655,16.702362
Reuters911,0.046125,0.033539,1.099162,0.037536,1.74576,0.0,3.942246,0.027373,6.9796676636,18.900818,3.010048,3.969619,33.232765
c-43,0.077002,0.033613,0.444602,0.036742,0.79113,0.0,1.373542,0.02713,2.8308608532,42.400639,1.430189,1.400672,85.694794
c-45,0.114864,0.03401,0.705853,0.036643,1.220963,0.0,2.905984,0.028003,5.0935640335,38.460571,2.159577,2.933987,66.769676
c-53,0.140016,0.869517,1.746874,0.037926,2.426032,0.0,7.16718,0.098566,12.5338335037,30.497885,5.268087,7.265747,52.610615
c-57,0.296986,0.548752,3.782349,0.038173,3.553587,0.0,17.88829,2.029559,28.1852970123,49.147961,8.267448,19.917849,69.548164
c-big,2.325706,0.857437,6.957814,0.055142,3.542765,0.0,108.98497,1.22656,123.9991836548,7.651895,13.787654,110.211533,8.60916
af_0_k101,2.663005,0.505542,4.489456,0.029242,0.119382,0.0,11.412514,0.025261,19.2918567657,63.489315,7.854082,11.437775,107.086105
af_1_k101,2.66496,0.504099,4.499142,0.030102,0.119248,0.0,11.428947,0.023917,19.3182735443,63.402496,7.865409,11.452865,106.945015
af_2_k101,2.662368,0.506125,4.491964,0.029229,0.110579,0.0,11.431617,0.023859,19.3047676086,63.446854,7.849292,11.455476,106.920639
af_3_k101,2.661437,0.503197,4.493145,0.029418,0.114022,0.0,11.453712,0.024205,19.3265552521,63.375328,7.848639,11.477917,106.711594
af_4_k101,2.662566,0.50616,4.492332,0.029059,0.114202,0.0,11.430092,0.023498,19.3059806824,63.442867,7.852391,11.453589,106.938248
af_5_k101,2.663581,0.505315,4.494356,0.029478,0.115795,0.0,11.433887,0.02439,19.3148078918,63.413872,7.856531,11.458277,106.894501
af_shell10,3.798352,0.467741,13.69328,1.063427,4.09223,0.0,34.205593,0.109277,57.4792556763,64.055,23.164385,34.314869,107.295578
c-64b,0.417126,0.034838,6.110621,0.038522,3.756458,0.0,28.207092,0.126701,38.7394256592,62.581032,10.405633,28.333794,85.564018
c-66b,0.076317,0.934944,1.563984,0.038461,2.608535,0.0,7.338515,0.098755,12.707903862,11.284684,5.270634,7.43727,19.281897
c-67b,0.136816,0.035283,1.285181,0.03833,2.67247,0.0,8.593306,0.053434,12.8630247116,18.7971,4.216286,8.646739,27.96286
c-73b,1.966288,0.160963,15.289462,0.0,0.0,0.0,0.0,0.0,0.0,0.0,0.0,0.0,0.0
conf5_4-8x8-05,0.084637,0.977459,0.646141,0.026157,0.07329,0.0,2.721293,0.004797,4.5809922218,32.639301,1.854903,2.726089,54.847939
conf5_4-8x8-10,0.077002,0.983901,0.592464,0.026157,0.0736,0.0,2.485207,0.004976,4.2911748886,34.843693,1.800992,2.490183,60.043945
conf5_4-8x8-15,0.076637,0.984438,0.59113,0.026157,0.074432,0.0,2.487344,0.004934,4.2919135094,34.837696,1.799635,2.492278,59.993454
conf5_4-8x8-20,0.085478,0.976304,0.646704,0.026525,0.074346,0.0,2.722918,0.005059,4.5849056244,32.611443,1.856928,2.727977,54.809982
conf6_0-8x8-20,0.076653,0.985478,0.592173,0.026464,0.073469,0.0,2.486163,0.005114,4.2937273979,34.822979,1.802451,2.491277,60.017578
conf6_0-8x8-30,0.07743,0.985017,0.591981,0.02639,0.073267,0.0,2.485482,0.005037,4.2921309471,34.835934,1.801612,2.490519,60.035843
conf6_0-8x8-80,0.086893,0.974422,0.6472,0.026954,0.082016,0.0,2.724761,0.004826,4.5950975418,32.539112,1.86551,2.729587,54.777657
invextr1_new,0.09001,0.034358,2.551325,0.033869,0.072266,0.0,4.699066,0.028189,7.5551939011,40.609306,2.827939,4.727255,64.902611
mixtank_new,0.107331,0.033562,2.0088,0.033971,0.086061,0.0,5.448937,0.006614,7.7736382484,45.509548,2.318086,5.455552,64.846741
msdoor,2.79312,0.387933,7.322169,0.030365,0.124816,0.0,23.37524,0.024176,34.10496521,61.116867,10.705549,23.399416,89.078659
pf2177,0.063062,0.029981,0.595757,0.032336,2.375533,0.0,5.787421,0.00879,8.940246582,14.433358,3.144035,5.796212,22.262434
wb-edu,4.244899,2.479005,28.098577,0.54097,91.499481,0.0,228.701248,2.22359,357.8529968262,8.716317,126.928162,230.924835,13.507253
Dubcova3,1.146006,0.943002,0.891443,0.026288,0.078262,0.0,2.778074,0.02281,5.9332799911,35.518372,3.132397,2.800883,75.240707
BenElechi1,2.526,0.648157,3.759946,0.028538,0.104042,0.0,14.712864,0.023453,21.8508071899,64.579384,7.114491,14.736317,95.757423
FEM_3D_thermal2,1.166067,0.80249,0.636365,0.027328,0.085504,0.0,1.735027,0.023107,4.5232381821,37.712055,2.765104,1.758134,97.023651
3Dspectralwave,3.385427,0.855254,30.196325,0.066618,4.43673,0.0,138.613449,0.67128,178.274017334,22.377132,38.989288,139.284729,28.641052
3Dspectralwave2,2.657388,0.515206,13.534628,0.046294,4.297088,0.0,39.101414,0.310973,60.5107650757,27.804592,21.098379,39.412388,42.689045
F2,0.211875,0.798742,7.72254,0.037514,0.103706,0.0,14.987916,0.087379,23.9977645874,41.071083,8.922469,15.075295,65.379425
kkt_power,3.809926,0.492624,6.310022,0.123488,4.084349,0.0,11.01393,1.055261,26.9397220612,16.072018,14.870531,12.069191,35.874458
fem_filter,0.068486,1.000352,1.190551,0.031738,0.069162,0.0,9.605314,0.024387,12.0363521576,60.830181,2.406651,9.629702,76.032829
water_tank,0.094374,0.952218,0.593322,0.026819,0.069645,0.0,2.697475,0.00497,4.4863419533,33.786602,1.783897,2.702445,56.089298
largebasis,1.539069,0.065645,0.943555,0.028058,0.069261,0.0,2.223555,0.023245,4.9396514893,28.682419,2.692852,2.2468,63.059086
nlpkkt80,3.011744,0.184874,7.268851,1.064586,4.235491,0.0,32.411083,0.126755,48.3526191711,32.692528,15.814781,32.537838,48.582497
nlpkkt120,5.120682,0.259117,24.579842,1.069901,3.670743,0.0,87.116013,0.339405,122.2034759521,43.886715,34.748058,87.455414,61.323921
case39,0.364147,0.030134,20.051933,0.034198,3.561626,0.0,59.601147,0.264173,83.9551391602,96.44603,24.089819,59.865318,135.255936
case9,0.11249,0.885181,0.906512,0.034429,2.216874,0.0,4.80279,0.118461,9.1262149811,35.423286,4.204964,4.921251,65.69072
mono_500Hz,1.193389,0.879648,1.99376,0.04559,2.034128,0.0,7.183171,0.167846,13.5467739105,30.122444,6.195756,7.351017,55.510948
Freescale1,2.932665,0.329837,4.236276,0.139741,0.125939,0.0,7.124432,0.728627,15.6651611328,14.202322,7.812102,7.853059,28.330572
TSOPF_RS_b2383,0.220416,0.032928,10.077314,0.035952,1.906842,0.0,26.285604,0.028534,38.6359939575,6.623329,12.321856,26.314138,9.724768
TSOPF_FS_b300,0.132016,0.030394,56.943233,0.035091,0.297686,0.0,174.47612,0.03775,232.0014953613,120.892807,57.487625,174.51387,160.716812
TSOPF_FS_b300_c2,0.239331,0.031542,202.764603,0.038096,1.034464,0.0,662.948547,0.058861,867.165222168,124.421822,204.157806,663.007385,162.73465
TSOPF_FS_b39_c7,0.260867,0.029978,8.883353,0.03367,4.238509,0.0,31.018129,0.150662,44.6625709534,89.199272,13.493779,31.168791,127.815948
TSOPF_FS_b9_c6,0.111981,0.885939,0.909101,0.033747,2.215043,0.0,4.804244,0.125107,9.1333055496,35.395786,4.203955,4.929351,65.582779
TSOPF_RS_b2052_c1,0.110147,0.031398,1.953027,0.03569,1.952058,0.0,7.549318,0.006589,11.6864757538,9.12779,4.130569,7.555907,14.117657
TSOPF_RS_b2383_c1,0.22057,0.033184,10.085929,0.036397,1.911533,0.0,26.272289,0.029795,38.6373214722,6.623101,12.335237,26.302084,9.729224
TSOPF_RS_b678_c2,0.141094,0.029328,2.987613,0.035946,2.476221,0.0,11.065622,0.006253,16.7897052765,8.246298,5.71783,11.071876,12.504919
fem_hifreq_circuit,2.900858,0.283517,8.164338,0.055648,3.350701,0.0,27.571922,0.360454,42.7378005981,45.08569,14.805424,27.932377,68.983147
atmosmodd,2.401866,0.746928,1.729245,0.028726,0.10592,0.0,2.658522,0.024646,7.7441725731,15.81528,5.061005,2.683168,45.646141
atmosmodj,2.407216,0.784634,1.811225,0.028707,0.101334,0.0,2.780659,0.024566,7.9866914749,15.335043,5.181467,2.805225,43.660042
atmosmodl,2.460541,0.742179,1.884294,0.032262,0.113898,0.0,3.290208,0.026102,8.5999097824,16.649191,5.283599,3.31631,43.17495
atmosmodm,2.445002,0.745674,1.916506,0.031197,0.119754,0.0,3.333011,0.027197,8.667506218,16.519346,5.307298,3.360208,42.610912
mouse_gene,1.130218,0.038422,128.044937,0.041264,0.635654,0.0,1514.577393,0.06184,1644.578125,62.877888,129.938889,1514.639282,68.272095
offshore,2.264448,0.268403,0.977446,0.026282,0.083578,0.0,2.36425,0.022995,6.0545120239,23.566727,3.667267,2.387245,59.769749
soc-Slashdot0811,0.078544,0.893603,2.497433,0.038582,3.781152,0.0,13.177728,0.155341,20.6700382233,10.821381,7.33697,13.333069,16.776209
soc-Slashdot0902,0.080477,0.887747,2.670887,0.038083,3.612659,0.0,14.103838,0.154397,21.5967063904,10.846696,7.338471,14.258235,16.429306
email-Enron,0.053635,0.971226,0.84104,0.036243,1.22561,0.0,4.95,0.090454,8.2146816254,12.538879,3.174227,5.040454,20.435242
web-BerkStan,2.365021,0.827226,4.62137,0.065546,3.734547,0.0,10.390075,1.376854,23.4307365417,18.99205,11.663807,11.76693,37.817661
web-Google,2.375229,0.545376,2.296445,0.077299,0.096717,0.0,3.975005,0.485162,9.9006977081,12.259305,5.440531,4.460166,27.213261
web-NotreDame,1.359549,0.080022,1.450493,0.053501,0.075654,0.0,3.450947,0.327686,6.8464827538,18.869177,3.067849,3.778634,34.188946
gsm_106857,3.11688,1.126202,9.742057,1.06103,3.864202,0.0,30.953304,0.103459,50.0173416138,37.8769,18.960579,31.056763,61.001266
pdb1HYS,0.143526,0.032189,4.437814,0.033747,0.081306,0.0,10.911429,0.036909,15.7235546112,70.635773,4.775217,10.948339,101.444199
consph,0.226682,0.840112,4.05905,0.027085,0.095376,0.0,9.087571,0.005117,14.3889694214,64.472305,5.296281,9.092688,102.025948
cant,0.162682,0.875635,1.973872,0.028042,0.092995,0.0,4.863023,0.005315,8.0504932404,66.949051,3.182155,4.868339,110.709824
cop20k_A,1.120333,0.967856,0.849712,0.027763,0.08736,0.0,3.118928,0.022854,6.2429599762,25.591509,3.101178,3.141782,50.852272
webbase-1M,2.915177,0.292758,2.609488,0.079491,1.041885,0.0,15.739212,0.67168,23.3976707458,5.94283,6.986779,16.410892,8.472933
dielFilterV2clx,3.12064,1.122137,11.808992,0.064637,3.90225,0.0,38.189522,0.45431,58.7114372253,42.307827,20.067606,38.643833,64.27813
dielFilterV2real,4.033075,0.227814,21.662979,1.066288,3.486384,0.0,67.933411,0.218698,98.6778945923,47.373569,30.525785,68.152107,68.592514
dielFilterV3clx,4.425699,0.866198,46.066086,0.054611,0.340365,0.0,100.916031,1.07176,153.7897796631,40.658867,51.801991,101.987793,61.310455
dielFilterV3real,5.453514,0.90943,126.743492,0.086128,0.804851,0.0,288.059845,1.340544,423.4473571777,41.117088,134.046967,289.400391,60.162052
cnr-2000,2.22752,0.946019,1.346931,0.053434,0.098966,0.0,5.556535,0.21465,10.4914951324,18.313078,4.720311,5.771184,33.291534
in-2004,2.61967,0.607786,12.890089,0.097642,3.84056,0.0,103.915871,1.330675,125.3511962891,27.259468,20.10465,105.246544,32.46669
eu-2005,2.712717,0.488218,11.926823,0.074928,3.789047,0.0,63.075405,1.032288,83.1486282349,20.427731,19.040936,64.107697,26.49507
road_central,5.622864,1.119383,7.466109,0.045763,0.239312,0.0,9.634934,0.055328,24.2320251465,7.726125,14.541762,9.690263,19.320391
road_usa,7.80914,1.316954,12.070876,0.064877,2.021651,0.0,14.526902,0.077126,37.9360275269,8.421233,23.332001,14.604029,21.875343
delaunay_n21,2.65977,0.551936,2.921542,0.09911,0.122691,0.0,4.953143,0.487814,11.843214035,13.381756,6.402256,5.440958,29.127777
delaunay_n22,4.320512,1.090969,5.780637,0.17632,2.792781,0.0,9.933833,1.160224,25.3036384583,12.526626,14.209581,11.094057,28.571081
delaunay_n23,5.428294,1.170198,11.738441,0.311267,3.712669,0.0,20.033606,1.226064,43.6693077087,14.516451,22.409637,21.25967,29.818117
delaunay_n24,8.663427,1.362915,23.135599,0.602272,3.58767,0.0,40.174389,2.415648,79.9916229248,15.849519,37.401585,42.590038,29.7682
hugebubbles-00000,7.191952,0.729254,9.916086,0.056195,2.5828,0.0,12.751609,0.064186,33.3405914307,9.885365,20.524796,12.815794,25.717009
hugebubbles-00010,11.176806,2.030365,12.264906,0.05425,0.337158,0.0,18.958868,0.072026,44.9440307617,7.789649,25.913137,19.030893,18.396311
hugebubbles-00020,11.481462,1.771853,13.201728,0.053178,0.369197,0.0,20.273062,0.070768,47.26927948,8.069219,26.925449,20.34383,18.748983
hugetrace-00010,6.8789,0.853504,6.755354,0.043139,0.216963,0.0,8.794778,0.050051,23.6417961121,9.176726,14.796968,8.844829,24.528942
hugetrace-00020,7.248217,1.65688,9.284537,0.048458,0.280368,0.0,12.719124,0.060109,31.3469581604,9.185813,18.567726,12.779233,22.53244
hugetric-00010,4.853351,0.603146,3.865601,0.037274,0.123197,0.0,5.604496,0.038179,15.1739301682,7.816294,9.531255,5.642675,21.019091
hugetric-00020,3.991478,0.420768,4.172148,0.038566,0.15927,0.0,6.075699,0.04176,14.9473466873,8.572895,8.829887,6.117459,20.946938
rgg_n_2_19_s0,1.820579,0.076554,1.509286,0.028586,0.07849,0.0,2.758605,0.023904,6.3438558578,27.791195,3.561347,2.782509,63.361282
rgg_n_2_20_s0,2.650755,0.534227,3.173357,0.03335,0.111462,0.0,5.999085,0.027194,12.5780410767,31.003326,6.551763,6.026278,64.710106
rgg_n_2_21_s0,4.363866,0.969693,6.567975,0.035987,1.383306,0.0,13.064569,0.030723,26.4640655518,32.464783,13.368773,13.095293,65.607552
rgg_n_2_22_s0,4.781258,0.624499,13.599514,1.072346,4.09657,0.0,28.408384,0.152243,52.7830734253,35.615318,24.222446,28.560627,65.820892
germany_osm,4.91135,0.695414,3.911255,0.043866,0.182736,0.0,6.51975,0.051485,16.3670501709,6.870099,9.795815,6.571235,17.111433
auto,2.403095,0.756115,1.583706,0.029043,0.099504,0.0,3.594644,0.023139,8.5385951996,23.715179,4.920813,3.617783,55.971939
m14b,1.542339,0.065514,0.843651,0.026707,0.068122,0.0,1.856807,0.022832,4.4736351967,24.41478,2.593997,1.879639,58.108414
HTC_336_4438,2.460675,0.71448,3.031776,0.04503,3.242787,0.0,30.725946,0.528819,40.7973098755,13.266208,9.542544,31.254766,17.316578
HTC_336_9129,2.434326,0.740736,2.833856,0.044813,2.384259,0.0,28.69384,0.525392,37.7046165466,12.388174,8.485385,29.219233,15.985751
TSC_OPF_1047,0.057216,0.030819,2.940464,0.033571,0.071328,0.0,13.608046,0.027402,16.8161220551,160.843475,3.180675,13.635448,198.36264
TSC_OPF_300,0.055107,0.032336,3.257581,0.033206,0.09536,0.0,4.235443,0.027706,7.7841215134,111.282021,3.520973,4.263149,203.190842
Serena,4.273885,1.047216,24.031971,0.091018,4.255427,0.0,85.709488,0.880502,120.3394393921,51.71981,33.749451,86.589989,71.878204
Emilia_923,3.512957,1.791872,12.785665,1.065482,3.962736,0.0,51.322605,0.130787,74.6208114624,49.160789,23.167419,51.453392,71.295937
Fault_639,3.086922,1.164573,9.000447,0.064131,3.551578,0.0,35.318073,0.426771,52.6607589722,49.326302,16.915915,35.744846,72.66951
Flan_1565,5.985504,0.391776,98.319054,0.037808,0.64697,0.0,188.095154,0.041939,293.5679626465,61.40612,105.43087,188.1371,95.817726
Geo_1438,4.282918,1.034432,19.379091,1.064797,3.661098,0.0,77.324699,0.192752,106.9883422852,52.374462,29.47089,77.517448,72.2864
Hook_1498,3.878867,0.399235,22.573299,1.06704,3.609997,0.0,71.912857,0.210854,103.701210022,53.401463,31.577499,72.123711,76.781914
StocF-1465,2.692522,0.532864,4.244867,0.096563,4.077152,0.0,13.302656,0.781136,25.7758598328,24.119917,11.692068,14.083792,44.143764
Cube_Coup_dt0,6.067639,0.332845,43.403278,1.07016,3.769251,0.0,181.16507,0.35672,236.2137908936,63.655914,54.692001,181.52179,82.835266
Long_Coup_dt6,4.805216,0.515386,32.984474,0.095168,3.707008,0.0,131.580841,0.970314,174.7093811035,59.804958,42.158226,132.551147,78.82608
Chevron4,1.708349,0.075168,0.868506,0.028387,0.080832,0.0,3.12922,0.023482,5.9621248245,19.215031,2.809424,3.152701,36.33786
CurlCurl_2,2.343846,0.827347,1.714288,0.028627,0.671078,0.0,4.02903,0.024122,9.6861057281,20.519596,5.632954,4.053152,49.037136
CurlCurl_3,2.483846,0.710461,2.476992,1.061229,2.719526,0.0,4.927773,0.0648,14.4926557541,20.891024,9.500082,4.992573,60.643368
CurlCurl_4,2.844573,1.447392,5.705821,1.064762,3.655587,0.0,10.386698,0.109686,25.2622241974,23.520994,14.76584,10.496385,56.609264
333SP,3.156934,1.17392,4.471347,0.079834,2.255437,0.0,9.231915,0.035414,20.4523048401,13.18008,11.184976,9.267329,29.087454
AS365,5.856407,0.57969,5.572208,0.03671,0.157136,0.0,10.313382,0.035101,22.5977210999,12.29388,12.249238,10.348483,26.845835
M6,4.608614,0.757392,5.144701,0.034371,0.151238,0.0,9.578148,0.032499,20.3559761047,12.62344,10.745329,9.610647,26.737267
NLR,5.471101,0.969923,6.326025,0.165408,0.279821,0.0,13.610415,0.867581,27.737865448,11.015082,13.25987,14.477996,21.103395
vsp_bcsstk30_500sep_10in_1Kout,0.259526,0.77761,4.056592,0.034426,0.087747,0.0,9.507283,0.027155,14.7982807159,45.834404,5.263842,9.534438,71.139
vsp_befref_fxm_2_4_air02,0.108214,0.034262,0.745712,0.037638,2.195856,0.0,3.194989,0.050256,6.4144515991,24.701767,3.169207,3.245245,48.824757
vsp_model1_crew1_cr42_south31,0.338173,0.365005,4.026848,0.13551,44.504982,0.0,20.849054,1.760336,72.0426864624,18.568857,49.433296,22.60939,59.167912
vsp_msc10848_300sep_100in_1Kout,0.158989,0.033587,2.275485,0.036202,0.079523,0.0,9.994707,0.009914,12.6353540421,51.376362,2.630733,10.004621,64.885872
vsp_south31_slptsk,0.364144,0.23401,4.157971,0.142938,44.475838,0.0,20.398258,1.466003,71.3028106689,19.041294,49.438549,21.864262,62.096664
CoupCons3D,2.832867,0.3508,8.075866,0.59112,2.3828,0.0,22.867573,0.025875,37.1748580933,66.023331,14.28141,22.893448,107.21006
ML_Laplace,3.020838,0.161283,19.11602,0.030554,0.186218,0.0,52.004971,0.02943,74.597984314,54.651657,22.563583,52.034401,78.350159
Bump_2911,6.503959,0.975542,38.629311,0.152506,4.315625,0.0,153.370834,1.433728,205.4309997559,55.93272,50.626438,154.804565,74.224648
hangGlider_3,0.071075,0.029046,0.587389,0.031978,3.388963,0.0,3.430317,0.755379,8.3414049149,20.116304,4.155709,4.185696,40.088493
hangGlider_4,0.140253,0.70367,1.412672,0.065034,17.798876,0.0,6.892781,1.542441,28.6077976227,13.464558,20.172577,8.435223,45.664635
hangGlider_5,0.076269,0.757974,1.420688,0.070845,23.573372,0.0,7.21415,1.434522,34.6014633179,11.784641,25.952793,8.648672,47.147797
lowThrust_4,0.062326,0.029997,0.500259,0.031898,2.503014,0.0,3.164166,0.044512,6.3835296631,18.01939,3.174851,3.208678,35.848812
lowThrust_5,0.070621,0.029888,0.72657,0.032016,2.25519,0.0,4.334131,0.051824,7.5474457741,21.83172,3.16149,4.385955,37.568493
lowThrust_6,0.07113,0.928432,0.662688,0.031738,2.463955,0.0,3.991888,0.099021,8.2969636917,21.500334,4.206055,4.090909,43.605835
lowThrust_7,0.07976,0.922227,0.68823,0.031846,2.438493,0.0,4.527696,0.099962,8.8356895447,21.253592,4.208032,4.627657,40.579956
lowThrust_8,0.079974,0.919805,0.698054,0.031866,2.429255,0.0,4.803388,0.101357,9.1111268997,21.381727,4.206382,4.904745,39.719013
lowThrust_9,0.08073,0.91649,0.760893,0.033024,2.366973,0.0,4.836346,0.104365,9.1458997726,22.114019,4.205189,4.940711,40.935936
lowThrust_10,0.079597,0.917238,0.830061,0.032122,2.296611,0.0,5.103379,0.103056,9.4098148346,22.003366,4.20338,5.206435,39.767635
lowThrust_11,0.079574,0.916938,0.852246,0.032448,3.330931,0.0,5.129696,0.103466,10.4923801422,19.966749,5.259219,5.233161,40.032917
lowThrust_12,0.08633,0.910029,0.791114,0.032125,2.335984,0.0,3.925037,0.104282,8.2319002151,25.694414,4.202581,4.029319,52.493702
lowThrust_13,0.083894,0.912102,0.80143,0.031869,2.325965,0.0,3.972592,0.103638,8.2785520554,25.599415,4.202322,4.07623,51.990707
iChem_Jacobian,1.744864,0.066058,0.953104,0.027517,0.077261,0.0,2.379619,0.023331,5.3196001053,23.980219,2.91665,2.402951,53.086895
